"2020-03-12 06:35:07.630","testUrl2","","127.0.0.1","","","GET","127.0.0.1","/","","","","","7","-1","-1","PostmanRuntime/7.23.0","lqzjj63sgti","","","","","200","","","",""
"2020-03-12 06:35:48.660","testUrl","127.0.0.1","127.0.0.1","127.0.0.1","","GET","127.0.0.1","/log","dummyhost","443","/","","4","-1","-1","PostmanRuntime/7.23.0","lqzjj63sgti","0100007f:0170cbbd582d:000001","dummyhost","","","502","server: Error: target empty<br/>    at e (D:\workspace\do1\smartgate_rule\smartgate114\smartgate.js:36838:39)<br/>    at Pt (D:\workspace\do1\smartgate_rule\smartgate114\smartgate.js:36869:22)<br/>    at Kt (D:\workspace\do1\smartgate_rule\smartgate114\smartgate.js:37454:261)<br/>    at Jt (D:\workspace\do1\smartgate_rule\smartgate114\smartgate.js:37541:31)<br/>    at N (D:\workspace\do1\smartgate_rule\smartgate114\smartgate.js:37710:52)<br/>    at D:\workspace\do1\smartgate_rule\smartgate114\smartgate.js:37717:33<br/>    at Server.tr (D:\workspace\do1\smartgate_rule\smartgate114\smartgate.js:37720:22)<br/>    at Server.emit (events.js:311:20)<br/>    at parserOnIncoming (_http_server.js:784:12)<br/>    at HTTPParser.parserOnHeadersComplete (_http_common.js:119:17)","","",""
"2020-03-12 06:36:12.057","testUrl2","","127.0.0.1","127.0.0.1","","GET","127.0.0.1","/","","","","","2","-1","-1","PostmanRuntime/7.23.0","0100007f:0170cbbdb388:000000","","","","","200","","","",""
"2020-03-12 06:36:12.062","testUrl","127.0.0.1","127.0.0.1","127.0.0.1","","GET","127.0.0.1","/log","127.0.0.1","80","/","","21","1943","2","PostmanRuntime/7.23.0","lqzjj63sgti","0100007f:0170cbbdb388:000000","127.0.0.1","","","200","","","",""
"2020-03-12 06:37:56.955","testUrl2","","127.0.0.1","","","GET","127.0.0.1","/log","","","","","15","-1","-1","PostmanRuntime/7.23.0","lqzjj63sgti","","","","","200","","","",""
"2020-03-12 06:39:31.592","testUrl2","","127.0.0.1","","","GET","127.0.0.1","/log","","","","","12","-1","-1","PostmanRuntime/7.23.0","lqzjj63sgti","","","","","200","","","",""
"2020-03-12 06:39:39.341","testUrl2","","127.0.0.1","","","GET","127.0.0.1","/log","","","","","1","-1","-1","PostmanRuntime/7.23.0","lqzjj63sgti","","","","","200","","","",""
"2020-03-12 06:40:05.026","testUrl2","","127.0.0.1","","","GET","127.0.0.1","/log","","","","","11","-1","-1","PostmanRuntime/7.23.0","lqzjj63sgti","","","","","200","","","",""
"2020-03-12 06:43:00.431","testUrl2","","127.0.0.1","","","GET","127.0.0.1","/log","","","","","55","-1","-1","PostmanRuntime/7.23.0","lqzjj63sgti","","","","","200","","","",""
"2020-03-12 06:44:58.533","testUrl2","","127.0.0.1","","","GET","127.0.0.1","/log","","","","","13","-1","-1","PostmanRuntime/7.23.0","lqzjj63sgti","","","","","200","","","",""
"2020-03-12 06:45:25.905","testUrl2","","127.0.0.1","","","GET","127.0.0.1","/log","","","","","12","-1","-1","PostmanRuntime/7.23.0","lqzjj63sgti","","","","","200","","","",""
"2020-03-12 06:46:08.995","testUrl2","","127.0.0.1","","","GET","127.0.0.1","/log","","","","","19","-1","-1","PostmanRuntime/7.23.0","lqzjj63sgti","","","","","200","","","",""
"2020-03-12 06:51:20.655","testUrl2","","127.0.0.1","","","GET","127.0.0.1","/log","","","","","17","-1","-1","PostmanRuntime/7.23.0","lqzjj63sgti","","","","","200","","","",""
"2020-03-12 06:51:39.059","testUrl2","","127.0.0.1","","","GET","127.0.0.1","/log","","","","","11","-1","-1","PostmanRuntime/7.23.0","lqzjj63sgti","","","","","200","","","",""
